retained_card29_sales,retained_card29_revenue,residual_transfer_rate,replacement_revenue,affected_card29_baseline_revenue,revenue_change
0,0.0,0.0,2143.6385106081398,2772.0,-628.3614893918602
0,0.0,0.1,2183.3447564373646,2772.0,-588.6552435626354
0,0.0,0.2,2223.05100226659,2772.0,-548.9489977334101
0,0.0,0.3,2262.7572480958147,2772.0,-509.2427519041853
0,0.0,0.4,2302.4634939250395,2772.0,-469.53650607496047
0,0.0,0.5,2342.169739754265,2772.0,-429.8302602457352
0,0.0,0.6,2381.8759855834896,2772.0,-390.12401441651036
0,0.0,0.7,2421.5822314127145,2772.0,-350.41776858728554
0,0.0,0.8,2461.2884772419397,2772.0,-310.71152275806026
0,0.0,0.9,2500.9947230711646,2772.0,-271.0052769288354
0,0.0,1.0,2540.70096890039,2772.0,-231.29903109961015
1,44.0,0.0,2143.6385106081398,2728.0,-584.3614893918602
1,44.0,0.1,2183.3447564373646,2728.0,-544.6552435626354
1,44.0,0.2,2223.05100226659,2728.0,-504.9489977334101
1,44.0,0.3,2262.7572480958147,2728.0,-465.2427519041853
1,44.0,0.4,2302.4634939250395,2728.0,-425.53650607496047
1,44.0,0.5,2342.169739754265,2728.0,-385.8302602457352
1,44.0,0.6,2381.8759855834896,2728.0,-346.12401441651036
1,44.0,0.7,2421.5822314127145,2728.0,-306.41776858728554
1,44.0,0.8,2461.2884772419397,2728.0,-266.71152275806026
1,44.0,0.9,2500.9947230711646,2728.0,-227.00527692883543
1,44.0,1.0,2540.70096890039,2728.0,-187.29903109961015
2,88.0,0.0,2143.6385106081398,2684.0,-540.3614893918602
2,88.0,0.1,2183.3447564373646,2684.0,-500.6552435626354
2,88.0,0.2,2223.05100226659,2684.0,-460.9489977334101
2,88.0,0.3,2262.7572480958147,2684.0,-421.2427519041853
2,88.0,0.4,2302.4634939250395,2684.0,-381.53650607496047
2,88.0,0.5,2342.169739754265,2684.0,-341.8302602457352
2,88.0,0.6,2381.8759855834896,2684.0,-302.12401441651036
2,88.0,0.7,2421.5822314127145,2684.0,-262.41776858728554
2,88.0,0.8,2461.2884772419397,2684.0,-222.71152275806026
2,88.0,0.9,2500.9947230711646,2684.0,-183.00527692883543
2,88.0,1.0,2540.70096890039,2684.0,-143.29903109961015
3,132.0,0.0,2143.6385106081398,2640.0,-496.36148939186023
3,132.0,0.1,2183.3447564373646,2640.0,-456.6552435626354
3,132.0,0.2,2223.05100226659,2640.0,-416.9489977334101
3,132.0,0.3,2262.7572480958147,2640.0,-377.2427519041853
3,132.0,0.4,2302.4634939250395,2640.0,-337.53650607496047
3,132.0,0.5,2342.169739754265,2640.0,-297.8302602457352
3,132.0,0.6,2381.8759855834896,2640.0,-258.12401441651036
3,132.0,0.7,2421.5822314127145,2640.0,-218.41776858728554
3,132.0,0.8,2461.2884772419397,2640.0,-178.71152275806026
3,132.0,0.9,2500.9947230711646,2640.0,-139.00527692883543
3,132.0,1.0,2540.70096890039,2640.0,-99.29903109961015
4,176.0,0.0,2143.6385106081398,2596.0,-452.36148939186023
4,176.0,0.1,2183.3447564373646,2596.0,-412.6552435626354
4,176.0,0.2,2223.05100226659,2596.0,-372.9489977334101
4,176.0,0.3,2262.7572480958147,2596.0,-333.2427519041853
4,176.0,0.4,2302.4634939250395,2596.0,-293.53650607496047
4,176.0,0.5,2342.169739754265,2596.0,-253.8302602457352
4,176.0,0.6,2381.8759855834896,2596.0,-214.12401441651036
4,176.0,0.7,2421.5822314127145,2596.0,-174.41776858728554
4,176.0,0.8,2461.2884772419397,2596.0,-134.71152275806026
4,176.0,0.9,2500.9947230711646,2596.0,-95.00527692883543
4,176.0,1.0,2540.70096890039,2596.0,-55.29903109961015
5,220.0,0.0,2143.6385106081398,2552.0,-408.36148939186023
5,220.0,0.1,2183.3447564373646,2552.0,-368.6552435626354
5,220.0,0.2,2223.05100226659,2552.0,-328.9489977334101
5,220.0,0.3,2262.7572480958147,2552.0,-289.2427519041853
5,220.0,0.4,2302.4634939250395,2552.0,-249.53650607496047
5,220.0,0.5,2342.169739754265,2552.0,-209.8302602457352
5,220.0,0.6,2381.8759855834896,2552.0,-170.12401441651036
5,220.0,0.7,2421.5822314127145,2552.0,-130.41776858728554
5,220.0,0.8,2461.2884772419397,2552.0,-90.71152275806026
5,220.0,0.9,2500.9947230711646,2552.0,-51.00527692883543
5,220.0,1.0,2540.70096890039,2552.0,-11.299031099610147
6,264.0,0.0,2143.6385106081398,2508.0,-364.36148939186023
6,264.0,0.1,2183.3447564373646,2508.0,-324.6552435626354
6,264.0,0.2,2223.05100226659,2508.0,-284.9489977334101
6,264.0,0.3,2262.7572480958147,2508.0,-245.2427519041853
6,264.0,0.4,2302.4634939250395,2508.0,-205.53650607496047
6,264.0,0.5,2342.169739754265,2508.0,-165.8302602457352
6,264.0,0.6,2381.8759855834896,2508.0,-126.12401441651036
6,264.0,0.7,2421.5822314127145,2508.0,-86.41776858728554
6,264.0,0.8,2461.2884772419397,2508.0,-46.711522758060255
6,264.0,0.9,2500.9947230711646,2508.0,-7.005276928835428
6,264.0,1.0,2540.70096890039,2508.0,32.70096890038985
7,308.0,0.0,2143.6385106081398,2464.0,-320.36148939186023
7,308.0,0.1,2183.3447564373646,2464.0,-280.6552435626354
7,308.0,0.2,2223.05100226659,2464.0,-240.94899773341012
7,308.0,0.3,2262.7572480958147,2464.0,-201.2427519041853
7,308.0,0.4,2302.4634939250395,2464.0,-161.53650607496047
7,308.0,0.5,2342.169739754265,2464.0,-121.83026024573519
7,308.0,0.6,2381.8759855834896,2464.0,-82.12401441651036
7,308.0,0.7,2421.5822314127145,2464.0,-42.417768587285536
7,308.0,0.8,2461.2884772419397,2464.0,-2.711522758060255
7,308.0,0.9,2500.9947230711646,2464.0,36.99472307116457
7,308.0,1.0,2540.70096890039,2464.0,76.70096890038985
8,352.0,0.0,2143.6385106081398,2420.0,-276.36148939186023
8,352.0,0.1,2183.3447564373646,2420.0,-236.6552435626354
8,352.0,0.2,2223.05100226659,2420.0,-196.94899773341012
8,352.0,0.3,2262.7572480958147,2420.0,-157.2427519041853
8,352.0,0.4,2302.4634939250395,2420.0,-117.53650607496047
8,352.0,0.5,2342.169739754265,2420.0,-77.83026024573519
8,352.0,0.6,2381.8759855834896,2420.0,-38.12401441651036
8,352.0,0.7,2421.5822314127145,2420.0,1.5822314127144637
8,352.0,0.8,2461.2884772419397,2420.0,41.288477241939745
8,352.0,0.9,2500.9947230711646,2420.0,80.99472307116457
8,352.0,1.0,2540.70096890039,2420.0,120.70096890038985
9,396.0,0.0,2143.6385106081398,2376.0,-232.36148939186023
9,396.0,0.1,2183.3447564373646,2376.0,-192.6552435626354
9,396.0,0.2,2223.05100226659,2376.0,-152.94899773341012
9,396.0,0.3,2262.7572480958147,2376.0,-113.2427519041853
9,396.0,0.4,2302.4634939250395,2376.0,-73.53650607496047
9,396.0,0.5,2342.169739754265,2376.0,-33.83026024573519
9,396.0,0.6,2381.8759855834896,2376.0,5.875985583489637
9,396.0,0.7,2421.5822314127145,2376.0,45.582231412714464
9,396.0,0.8,2461.2884772419397,2376.0,85.28847724193974
9,396.0,0.9,2500.9947230711646,2376.0,124.99472307116457
9,396.0,1.0,2540.70096890039,2376.0,164.70096890038985
10,440.0,0.0,2143.6385106081398,2332.0,-188.36148939186023
10,440.0,0.1,2183.3447564373646,2332.0,-148.6552435626354
10,440.0,0.2,2223.05100226659,2332.0,-108.94899773341012
10,440.0,0.3,2262.7572480958147,2332.0,-69.2427519041853
10,440.0,0.4,2302.4634939250395,2332.0,-29.53650607496047
10,440.0,0.5,2342.169739754265,2332.0,10.16973975426481
10,440.0,0.6,2381.8759855834896,2332.0,49.87598558348964
10,440.0,0.7,2421.5822314127145,2332.0,89.58223141271446
10,440.0,0.8,2461.2884772419397,2332.0,129.28847724193974
10,440.0,0.9,2500.9947230711646,2332.0,168.99472307116457
10,440.0,1.0,2540.70096890039,2332.0,208.70096890038985
11,484.0,0.0,2143.6385106081398,2288.0,-144.36148939186023
11,484.0,0.1,2183.3447564373646,2288.0,-104.6552435626354
11,484.0,0.2,2223.05100226659,2288.0,-64.94899773341012
11,484.0,0.3,2262.7572480958147,2288.0,-25.242751904185297
11,484.0,0.4,2302.4634939250395,2288.0,14.46349392503953
11,484.0,0.5,2342.169739754265,2288.0,54.16973975426481
11,484.0,0.6,2381.8759855834896,2288.0,93.87598558348964
11,484.0,0.7,2421.5822314127145,2288.0,133.58223141271446
11,484.0,0.8,2461.2884772419397,2288.0,173.28847724193974
11,484.0,0.9,2500.9947230711646,2288.0,212.99472307116457
11,484.0,1.0,2540.70096890039,2288.0,252.70096890038985
12,528.0,0.0,2143.6385106081398,2244.0,-100.36148939186023
12,528.0,0.1,2183.3447564373646,2244.0,-60.655243562635405
12,528.0,0.2,2223.05100226659,2244.0,-20.948997733410124
12,528.0,0.3,2262.7572480958147,2244.0,18.757248095814703
12,528.0,0.4,2302.4634939250395,2244.0,58.46349392503953
12,528.0,0.5,2342.169739754265,2244.0,98.16973975426481
12,528.0,0.6,2381.8759855834896,2244.0,137.87598558348964
12,528.0,0.7,2421.5822314127145,2244.0,177.58223141271446
12,528.0,0.8,2461.2884772419397,2244.0,217.28847724193974
12,528.0,0.9,2500.9947230711646,2244.0,256.9947230711646
12,528.0,1.0,2540.70096890039,2244.0,296.70096890038985
13,572.0,0.0,2143.6385106081398,2200.0,-56.36148939186023
13,572.0,0.1,2183.3447564373646,2200.0,-16.655243562635405
13,572.0,0.2,2223.05100226659,2200.0,23.051002266589876
13,572.0,0.3,2262.7572480958147,2200.0,62.7572480958147
13,572.0,0.4,2302.4634939250395,2200.0,102.46349392503953
13,572.0,0.5,2342.169739754265,2200.0,142.1697397542648
13,572.0,0.6,2381.8759855834896,2200.0,181.87598558348964
13,572.0,0.7,2421.5822314127145,2200.0,221.58223141271446
13,572.0,0.8,2461.2884772419397,2200.0,261.28847724193974
13,572.0,0.9,2500.9947230711646,2200.0,300.9947230711646
13,572.0,1.0,2540.70096890039,2200.0,340.70096890038985
14,616.0,0.0,2143.6385106081398,2156.0,-12.361489391860232
14,616.0,0.1,2183.3447564373646,2156.0,27.344756437364595
14,616.0,0.2,2223.05100226659,2156.0,67.05100226658988
14,616.0,0.3,2262.7572480958147,2156.0,106.7572480958147
14,616.0,0.4,2302.4634939250395,2156.0,146.46349392503953
14,616.0,0.5,2342.169739754265,2156.0,186.1697397542648
14,616.0,0.6,2381.8759855834896,2156.0,225.87598558348964
14,616.0,0.7,2421.5822314127145,2156.0,265.58223141271446
14,616.0,0.8,2461.2884772419397,2156.0,305.28847724193974
14,616.0,0.9,2500.9947230711646,2156.0,344.9947230711646
14,616.0,1.0,2540.70096890039,2156.0,384.70096890038985
15,660.0,0.0,2143.6385106081398,2112.0,31.638510608139768
15,660.0,0.1,2183.3447564373646,2112.0,71.3447564373646
15,660.0,0.2,2223.05100226659,2112.0,111.05100226658988
15,660.0,0.3,2262.7572480958147,2112.0,150.7572480958147
15,660.0,0.4,2302.4634939250395,2112.0,190.46349392503953
15,660.0,0.5,2342.169739754265,2112.0,230.1697397542648
15,660.0,0.6,2381.8759855834896,2112.0,269.87598558348964
15,660.0,0.7,2421.5822314127145,2112.0,309.58223141271446
15,660.0,0.8,2461.2884772419397,2112.0,349.28847724193974
15,660.0,0.9,2500.9947230711646,2112.0,388.9947230711646
15,660.0,1.0,2540.70096890039,2112.0,428.70096890038985
16,704.0,0.0,2143.6385106081398,2068.0,75.63851060813977
16,704.0,0.1,2183.3447564373646,2068.0,115.3447564373646
16,704.0,0.2,2223.05100226659,2068.0,155.05100226658988
16,704.0,0.3,2262.7572480958147,2068.0,194.7572480958147
16,704.0,0.4,2302.4634939250395,2068.0,234.46349392503953
16,704.0,0.5,2342.169739754265,2068.0,274.1697397542648
16,704.0,0.6,2381.8759855834896,2068.0,313.87598558348964
16,704.0,0.7,2421.5822314127145,2068.0,353.58223141271446
16,704.0,0.8,2461.2884772419397,2068.0,393.28847724193974
16,704.0,0.9,2500.9947230711646,2068.0,432.9947230711646
16,704.0,1.0,2540.70096890039,2068.0,472.70096890038985
17,748.0,0.0,2143.6385106081398,2024.0,119.63851060813977
17,748.0,0.1,2183.3447564373646,2024.0,159.3447564373646
17,748.0,0.2,2223.05100226659,2024.0,199.05100226658988
17,748.0,0.3,2262.7572480958147,2024.0,238.7572480958147
17,748.0,0.4,2302.4634939250395,2024.0,278.46349392503953
17,748.0,0.5,2342.169739754265,2024.0,318.1697397542648
17,748.0,0.6,2381.8759855834896,2024.0,357.87598558348964
17,748.0,0.7,2421.5822314127145,2024.0,397.58223141271446
17,748.0,0.8,2461.2884772419397,2024.0,437.28847724193974
17,748.0,0.9,2500.9947230711646,2024.0,476.9947230711646
17,748.0,1.0,2540.70096890039,2024.0,516.7009689003899
18,792.0,0.0,2143.6385106081398,1980.0,163.63851060813977
18,792.0,0.1,2183.3447564373646,1980.0,203.3447564373646
18,792.0,0.2,2223.05100226659,1980.0,243.05100226658988
18,792.0,0.3,2262.7572480958147,1980.0,282.7572480958147
18,792.0,0.4,2302.4634939250395,1980.0,322.46349392503953
18,792.0,0.5,2342.169739754265,1980.0,362.1697397542648
18,792.0,0.6,2381.8759855834896,1980.0,401.87598558348964
18,792.0,0.7,2421.5822314127145,1980.0,441.58223141271446
18,792.0,0.8,2461.2884772419397,1980.0,481.28847724193974
18,792.0,0.9,2500.9947230711646,1980.0,520.9947230711646
18,792.0,1.0,2540.70096890039,1980.0,560.7009689003899
19,836.0,0.0,2143.6385106081398,1936.0,207.63851060813977
19,836.0,0.1,2183.3447564373646,1936.0,247.3447564373646
19,836.0,0.2,2223.05100226659,1936.0,287.0510022665899
19,836.0,0.3,2262.7572480958147,1936.0,326.7572480958147
19,836.0,0.4,2302.4634939250395,1936.0,366.46349392503953
19,836.0,0.5,2342.169739754265,1936.0,406.1697397542648
19,836.0,0.6,2381.8759855834896,1936.0,445.87598558348964
19,836.0,0.7,2421.5822314127145,1936.0,485.58223141271446
19,836.0,0.8,2461.2884772419397,1936.0,525.2884772419397
19,836.0,0.9,2500.9947230711646,1936.0,564.9947230711646
19,836.0,1.0,2540.70096890039,1936.0,604.7009689003899
20,880.0,0.0,2143.6385106081398,1892.0,251.63851060813977
20,880.0,0.1,2183.3447564373646,1892.0,291.3447564373646
20,880.0,0.2,2223.05100226659,1892.0,331.0510022665899
20,880.0,0.3,2262.7572480958147,1892.0,370.7572480958147
20,880.0,0.4,2302.4634939250395,1892.0,410.46349392503953
20,880.0,0.5,2342.169739754265,1892.0,450.1697397542648
20,880.0,0.6,2381.8759855834896,1892.0,489.87598558348964
20,880.0,0.7,2421.5822314127145,1892.0,529.5822314127145
20,880.0,0.8,2461.2884772419397,1892.0,569.2884772419397
20,880.0,0.9,2500.9947230711646,1892.0,608.9947230711646
20,880.0,1.0,2540.70096890039,1892.0,648.7009689003899
21,924.0,0.0,2143.6385106081398,1848.0,295.63851060813977
21,924.0,0.1,2183.3447564373646,1848.0,335.3447564373646
21,924.0,0.2,2223.05100226659,1848.0,375.0510022665899
21,924.0,0.3,2262.7572480958147,1848.0,414.7572480958147
21,924.0,0.4,2302.4634939250395,1848.0,454.46349392503953
21,924.0,0.5,2342.169739754265,1848.0,494.1697397542648
21,924.0,0.6,2381.8759855834896,1848.0,533.8759855834896
21,924.0,0.7,2421.5822314127145,1848.0,573.5822314127145
21,924.0,0.8,2461.2884772419397,1848.0,613.2884772419397
21,924.0,0.9,2500.9947230711646,1848.0,652.9947230711646
21,924.0,1.0,2540.70096890039,1848.0,692.7009689003899
22,968.0,0.0,2143.6385106081398,1804.0,339.63851060813977
22,968.0,0.1,2183.3447564373646,1804.0,379.3447564373646
22,968.0,0.2,2223.05100226659,1804.0,419.0510022665899
22,968.0,0.3,2262.7572480958147,1804.0,458.7572480958147
22,968.0,0.4,2302.4634939250395,1804.0,498.46349392503953
22,968.0,0.5,2342.169739754265,1804.0,538.1697397542648
22,968.0,0.6,2381.8759855834896,1804.0,577.8759855834896
22,968.0,0.7,2421.5822314127145,1804.0,617.5822314127145
22,968.0,0.8,2461.2884772419397,1804.0,657.2884772419397
22,968.0,0.9,2500.9947230711646,1804.0,696.9947230711646
22,968.0,1.0,2540.70096890039,1804.0,736.7009689003899
23,1012.0,0.0,2143.6385106081398,1760.0,383.63851060813977
23,1012.0,0.1,2183.3447564373646,1760.0,423.3447564373646
23,1012.0,0.2,2223.05100226659,1760.0,463.0510022665899
23,1012.0,0.3,2262.7572480958147,1760.0,502.7572480958147
23,1012.0,0.4,2302.4634939250395,1760.0,542.4634939250395
23,1012.0,0.5,2342.169739754265,1760.0,582.1697397542648
23,1012.0,0.6,2381.8759855834896,1760.0,621.8759855834896
23,1012.0,0.7,2421.5822314127145,1760.0,661.5822314127145
23,1012.0,0.8,2461.2884772419397,1760.0,701.2884772419397
23,1012.0,0.9,2500.9947230711646,1760.0,740.9947230711646
23,1012.0,1.0,2540.70096890039,1760.0,780.7009689003899
24,1056.0,0.0,2143.6385106081398,1716.0,427.63851060813977
24,1056.0,0.1,2183.3447564373646,1716.0,467.3447564373646
24,1056.0,0.2,2223.05100226659,1716.0,507.0510022665899
24,1056.0,0.3,2262.7572480958147,1716.0,546.7572480958147
24,1056.0,0.4,2302.4634939250395,1716.0,586.4634939250395
24,1056.0,0.5,2342.169739754265,1716.0,626.1697397542648
24,1056.0,0.6,2381.8759855834896,1716.0,665.8759855834896
24,1056.0,0.7,2421.5822314127145,1716.0,705.5822314127145
24,1056.0,0.8,2461.2884772419397,1716.0,745.2884772419397
24,1056.0,0.9,2500.9947230711646,1716.0,784.9947230711646
24,1056.0,1.0,2540.70096890039,1716.0,824.7009689003899
25,1100.0,0.0,2143.6385106081398,1672.0,471.63851060813977
25,1100.0,0.1,2183.3447564373646,1672.0,511.3447564373646
25,1100.0,0.2,2223.05100226659,1672.0,551.0510022665899
25,1100.0,0.3,2262.7572480958147,1672.0,590.7572480958147
25,1100.0,0.4,2302.4634939250395,1672.0,630.4634939250395
25,1100.0,0.5,2342.169739754265,1672.0,670.1697397542648
25,1100.0,0.6,2381.8759855834896,1672.0,709.8759855834896
25,1100.0,0.7,2421.5822314127145,1672.0,749.5822314127145
25,1100.0,0.8,2461.2884772419397,1672.0,789.2884772419397
25,1100.0,0.9,2500.9947230711646,1672.0,828.9947230711646
25,1100.0,1.0,2540.70096890039,1672.0,868.7009689003899
26,1144.0,0.0,2143.6385106081398,1628.0,515.6385106081398
26,1144.0,0.1,2183.3447564373646,1628.0,555.3447564373646
26,1144.0,0.2,2223.05100226659,1628.0,595.0510022665899
26,1144.0,0.3,2262.7572480958147,1628.0,634.7572480958147
26,1144.0,0.4,2302.4634939250395,1628.0,674.4634939250395
26,1144.0,0.5,2342.169739754265,1628.0,714.1697397542648
26,1144.0,0.6,2381.8759855834896,1628.0,753.8759855834896
26,1144.0,0.7,2421.5822314127145,1628.0,793.5822314127145
26,1144.0,0.8,2461.2884772419397,1628.0,833.2884772419397
26,1144.0,0.9,2500.9947230711646,1628.0,872.9947230711646
26,1144.0,1.0,2540.70096890039,1628.0,912.7009689003899
27,1188.0,0.0,2143.6385106081398,1584.0,559.6385106081398
27,1188.0,0.1,2183.3447564373646,1584.0,599.3447564373646
27,1188.0,0.2,2223.05100226659,1584.0,639.0510022665899
27,1188.0,0.3,2262.7572480958147,1584.0,678.7572480958147
27,1188.0,0.4,2302.4634939250395,1584.0,718.4634939250395
27,1188.0,0.5,2342.169739754265,1584.0,758.1697397542648
27,1188.0,0.6,2381.8759855834896,1584.0,797.8759855834896
27,1188.0,0.7,2421.5822314127145,1584.0,837.5822314127145
27,1188.0,0.8,2461.2884772419397,1584.0,877.2884772419397
27,1188.0,0.9,2500.9947230711646,1584.0,916.9947230711646
27,1188.0,1.0,2540.70096890039,1584.0,956.7009689003899
28,1232.0,0.0,2143.6385106081398,1540.0,603.6385106081398
28,1232.0,0.1,2183.3447564373646,1540.0,643.3447564373646
28,1232.0,0.2,2223.05100226659,1540.0,683.0510022665899
28,1232.0,0.3,2262.7572480958147,1540.0,722.7572480958147
28,1232.0,0.4,2302.4634939250395,1540.0,762.4634939250395
28,1232.0,0.5,2342.169739754265,1540.0,802.1697397542648
28,1232.0,0.6,2381.8759855834896,1540.0,841.8759855834896
28,1232.0,0.7,2421.5822314127145,1540.0,881.5822314127145
28,1232.0,0.8,2461.2884772419397,1540.0,921.2884772419397
28,1232.0,0.9,2500.9947230711646,1540.0,960.9947230711646
28,1232.0,1.0,2540.70096890039,1540.0,1000.7009689003899
29,1276.0,0.0,2143.6385106081398,1496.0,647.6385106081398
29,1276.0,0.1,2183.3447564373646,1496.0,687.3447564373646
29,1276.0,0.2,2223.05100226659,1496.0,727.0510022665899
29,1276.0,0.3,2262.7572480958147,1496.0,766.7572480958147
29,1276.0,0.4,2302.4634939250395,1496.0,806.4634939250395
29,1276.0,0.5,2342.169739754265,1496.0,846.1697397542648
29,1276.0,0.6,2381.8759855834896,1496.0,885.8759855834896
29,1276.0,0.7,2421.5822314127145,1496.0,925.5822314127145
29,1276.0,0.8,2461.2884772419397,1496.0,965.2884772419397
29,1276.0,0.9,2500.9947230711646,1496.0,1004.9947230711646
29,1276.0,1.0,2540.70096890039,1496.0,1044.7009689003899
30,1320.0,0.0,2143.6385106081398,1452.0,691.6385106081398
30,1320.0,0.1,2183.3447564373646,1452.0,731.3447564373646
30,1320.0,0.2,2223.05100226659,1452.0,771.0510022665899
30,1320.0,0.3,2262.7572480958147,1452.0,810.7572480958147
30,1320.0,0.4,2302.4634939250395,1452.0,850.4634939250395
30,1320.0,0.5,2342.169739754265,1452.0,890.1697397542648
30,1320.0,0.6,2381.8759855834896,1452.0,929.8759855834896
30,1320.0,0.7,2421.5822314127145,1452.0,969.5822314127145
30,1320.0,0.8,2461.2884772419397,1452.0,1009.2884772419397
30,1320.0,0.9,2500.9947230711646,1452.0,1048.9947230711646
30,1320.0,1.0,2540.70096890039,1452.0,1088.7009689003899
31,1364.0,0.0,2143.6385106081398,1408.0,735.6385106081398
31,1364.0,0.1,2183.3447564373646,1408.0,775.3447564373646
31,1364.0,0.2,2223.05100226659,1408.0,815.0510022665899
31,1364.0,0.3,2262.7572480958147,1408.0,854.7572480958147
31,1364.0,0.4,2302.4634939250395,1408.0,894.4634939250395
31,1364.0,0.5,2342.169739754265,1408.0,934.1697397542648
31,1364.0,0.6,2381.8759855834896,1408.0,973.8759855834896
31,1364.0,0.7,2421.5822314127145,1408.0,1013.5822314127145
31,1364.0,0.8,2461.2884772419397,1408.0,1053.2884772419397
31,1364.0,0.9,2500.9947230711646,1408.0,1092.9947230711646
31,1364.0,1.0,2540.70096890039,1408.0,1132.7009689003899
32,1408.0,0.0,2143.6385106081398,1364.0,779.6385106081398
32,1408.0,0.1,2183.3447564373646,1364.0,819.3447564373646
32,1408.0,0.2,2223.05100226659,1364.0,859.0510022665899
32,1408.0,0.3,2262.7572480958147,1364.0,898.7572480958147
32,1408.0,0.4,2302.4634939250395,1364.0,938.4634939250395
32,1408.0,0.5,2342.169739754265,1364.0,978.1697397542648
32,1408.0,0.6,2381.8759855834896,1364.0,1017.8759855834896
32,1408.0,0.7,2421.5822314127145,1364.0,1057.5822314127145
32,1408.0,0.8,2461.2884772419397,1364.0,1097.2884772419397
32,1408.0,0.9,2500.9947230711646,1364.0,1136.9947230711646
32,1408.0,1.0,2540.70096890039,1364.0,1176.7009689003899
33,1452.0,0.0,2143.6385106081398,1320.0,823.6385106081398
33,1452.0,0.1,2183.3447564373646,1320.0,863.3447564373646
33,1452.0,0.2,2223.05100226659,1320.0,903.0510022665899
33,1452.0,0.3,2262.7572480958147,1320.0,942.7572480958147
33,1452.0,0.4,2302.4634939250395,1320.0,982.4634939250395
33,1452.0,0.5,2342.169739754265,1320.0,1022.1697397542648
33,1452.0,0.6,2381.8759855834896,1320.0,1061.8759855834896
33,1452.0,0.7,2421.5822314127145,1320.0,1101.5822314127145
33,1452.0,0.8,2461.2884772419397,1320.0,1141.2884772419397
33,1452.0,0.9,2500.9947230711646,1320.0,1180.9947230711646
33,1452.0,1.0,2540.70096890039,1320.0,1220.7009689003899
34,1496.0,0.0,2143.6385106081398,1276.0,867.6385106081398
34,1496.0,0.1,2183.3447564373646,1276.0,907.3447564373646
34,1496.0,0.2,2223.05100226659,1276.0,947.0510022665899
34,1496.0,0.3,2262.7572480958147,1276.0,986.7572480958147
34,1496.0,0.4,2302.4634939250395,1276.0,1026.4634939250395
34,1496.0,0.5,2342.169739754265,1276.0,1066.1697397542648
34,1496.0,0.6,2381.8759855834896,1276.0,1105.8759855834896
34,1496.0,0.7,2421.5822314127145,1276.0,1145.5822314127145
34,1496.0,0.8,2461.2884772419397,1276.0,1185.2884772419397
34,1496.0,0.9,2500.9947230711646,1276.0,1224.9947230711646
34,1496.0,1.0,2540.70096890039,1276.0,1264.7009689003899
35,1540.0,0.0,2143.6385106081398,1232.0,911.6385106081398
35,1540.0,0.1,2183.3447564373646,1232.0,951.3447564373646
35,1540.0,0.2,2223.05100226659,1232.0,991.0510022665899
35,1540.0,0.3,2262.7572480958147,1232.0,1030.7572480958147
35,1540.0,0.4,2302.4634939250395,1232.0,1070.4634939250395
35,1540.0,0.5,2342.169739754265,1232.0,1110.1697397542648
35,1540.0,0.6,2381.8759855834896,1232.0,1149.8759855834896
35,1540.0,0.7,2421.5822314127145,1232.0,1189.5822314127145
35,1540.0,0.8,2461.2884772419397,1232.0,1229.2884772419397
35,1540.0,0.9,2500.9947230711646,1232.0,1268.9947230711646
35,1540.0,1.0,2540.70096890039,1232.0,1308.7009689003899
36,1584.0,0.0,2143.6385106081398,1188.0,955.6385106081398
36,1584.0,0.1,2183.3447564373646,1188.0,995.3447564373646
36,1584.0,0.2,2223.05100226659,1188.0,1035.0510022665899
36,1584.0,0.3,2262.7572480958147,1188.0,1074.7572480958147
36,1584.0,0.4,2302.4634939250395,1188.0,1114.4634939250395
36,1584.0,0.5,2342.169739754265,1188.0,1154.1697397542648
36,1584.0,0.6,2381.8759855834896,1188.0,1193.8759855834896
36,1584.0,0.7,2421.5822314127145,1188.0,1233.5822314127145
36,1584.0,0.8,2461.2884772419397,1188.0,1273.2884772419397
36,1584.0,0.9,2500.9947230711646,1188.0,1312.9947230711646
36,1584.0,1.0,2540.70096890039,1188.0,1352.7009689003899
37,1628.0,0.0,2143.6385106081398,1144.0,999.6385106081398
37,1628.0,0.1,2183.3447564373646,1144.0,1039.3447564373646
37,1628.0,0.2,2223.05100226659,1144.0,1079.0510022665899
37,1628.0,0.3,2262.7572480958147,1144.0,1118.7572480958147
37,1628.0,0.4,2302.4634939250395,1144.0,1158.4634939250395
37,1628.0,0.5,2342.169739754265,1144.0,1198.1697397542648
37,1628.0,0.6,2381.8759855834896,1144.0,1237.8759855834896
37,1628.0,0.7,2421.5822314127145,1144.0,1277.5822314127145
37,1628.0,0.8,2461.2884772419397,1144.0,1317.2884772419397
37,1628.0,0.9,2500.9947230711646,1144.0,1356.9947230711646
37,1628.0,1.0,2540.70096890039,1144.0,1396.7009689003899
38,1672.0,0.0,2143.6385106081398,1100.0,1043.6385106081398
38,1672.0,0.1,2183.3447564373646,1100.0,1083.3447564373646
38,1672.0,0.2,2223.05100226659,1100.0,1123.0510022665899
38,1672.0,0.3,2262.7572480958147,1100.0,1162.7572480958147
38,1672.0,0.4,2302.4634939250395,1100.0,1202.4634939250395
38,1672.0,0.5,2342.169739754265,1100.0,1242.1697397542648
38,1672.0,0.6,2381.8759855834896,1100.0,1281.8759855834896
38,1672.0,0.7,2421.5822314127145,1100.0,1321.5822314127145
38,1672.0,0.8,2461.2884772419397,1100.0,1361.2884772419397
38,1672.0,0.9,2500.9947230711646,1100.0,1400.9947230711646
38,1672.0,1.0,2540.70096890039,1100.0,1440.7009689003899
39,1716.0,0.0,2143.6385106081398,1056.0,1087.6385106081398
39,1716.0,0.1,2183.3447564373646,1056.0,1127.3447564373646
39,1716.0,0.2,2223.05100226659,1056.0,1167.0510022665899
39,1716.0,0.3,2262.7572480958147,1056.0,1206.7572480958147
39,1716.0,0.4,2302.4634939250395,1056.0,1246.4634939250395
39,1716.0,0.5,2342.169739754265,1056.0,1286.1697397542648
39,1716.0,0.6,2381.8759855834896,1056.0,1325.8759855834896
39,1716.0,0.7,2421.5822314127145,1056.0,1365.5822314127145
39,1716.0,0.8,2461.2884772419397,1056.0,1405.2884772419397
39,1716.0,0.9,2500.9947230711646,1056.0,1444.9947230711646
39,1716.0,1.0,2540.70096890039,1056.0,1484.7009689003899
40,1760.0,0.0,2143.6385106081398,1012.0,1131.6385106081398
40,1760.0,0.1,2183.3447564373646,1012.0,1171.3447564373646
40,1760.0,0.2,2223.05100226659,1012.0,1211.0510022665899
40,1760.0,0.3,2262.7572480958147,1012.0,1250.7572480958147
40,1760.0,0.4,2302.4634939250395,1012.0,1290.4634939250395
40,1760.0,0.5,2342.169739754265,1012.0,1330.1697397542648
40,1760.0,0.6,2381.8759855834896,1012.0,1369.8759855834896
40,1760.0,0.7,2421.5822314127145,1012.0,1409.5822314127145
40,1760.0,0.8,2461.2884772419397,1012.0,1449.2884772419397
40,1760.0,0.9,2500.9947230711646,1012.0,1488.9947230711646
40,1760.0,1.0,2540.70096890039,1012.0,1528.7009689003899
41,1804.0,0.0,2143.6385106081398,968.0,1175.6385106081398
41,1804.0,0.1,2183.3447564373646,968.0,1215.3447564373646
41,1804.0,0.2,2223.05100226659,968.0,1255.0510022665899
41,1804.0,0.3,2262.7572480958147,968.0,1294.7572480958147
41,1804.0,0.4,2302.4634939250395,968.0,1334.4634939250395
41,1804.0,0.5,2342.169739754265,968.0,1374.1697397542648
41,1804.0,0.6,2381.8759855834896,968.0,1413.8759855834896
41,1804.0,0.7,2421.5822314127145,968.0,1453.5822314127145
41,1804.0,0.8,2461.2884772419397,968.0,1493.2884772419397
41,1804.0,0.9,2500.9947230711646,968.0,1532.9947230711646
41,1804.0,1.0,2540.70096890039,968.0,1572.7009689003899
42,1848.0,0.0,2143.6385106081398,924.0,1219.6385106081398
42,1848.0,0.1,2183.3447564373646,924.0,1259.3447564373646
42,1848.0,0.2,2223.05100226659,924.0,1299.0510022665899
42,1848.0,0.3,2262.7572480958147,924.0,1338.7572480958147
42,1848.0,0.4,2302.4634939250395,924.0,1378.4634939250395
42,1848.0,0.5,2342.169739754265,924.0,1418.1697397542648
42,1848.0,0.6,2381.8759855834896,924.0,1457.8759855834896
42,1848.0,0.7,2421.5822314127145,924.0,1497.5822314127145
42,1848.0,0.8,2461.2884772419397,924.0,1537.2884772419397
42,1848.0,0.9,2500.9947230711646,924.0,1576.9947230711646
42,1848.0,1.0,2540.70096890039,924.0,1616.7009689003899
43,1892.0,0.0,2143.6385106081398,880.0,1263.6385106081398
43,1892.0,0.1,2183.3447564373646,880.0,1303.3447564373646
43,1892.0,0.2,2223.05100226659,880.0,1343.0510022665899
43,1892.0,0.3,2262.7572480958147,880.0,1382.7572480958147
43,1892.0,0.4,2302.4634939250395,880.0,1422.4634939250395
43,1892.0,0.5,2342.169739754265,880.0,1462.1697397542648
43,1892.0,0.6,2381.8759855834896,880.0,1501.8759855834896
43,1892.0,0.7,2421.5822314127145,880.0,1541.5822314127145
43,1892.0,0.8,2461.2884772419397,880.0,1581.2884772419397
43,1892.0,0.9,2500.9947230711646,880.0,1620.9947230711646
43,1892.0,1.0,2540.70096890039,880.0,1660.7009689003899
44,1936.0,0.0,2143.6385106081398,836.0,1307.6385106081398
44,1936.0,0.1,2183.3447564373646,836.0,1347.3447564373646
44,1936.0,0.2,2223.05100226659,836.0,1387.0510022665899
44,1936.0,0.3,2262.7572480958147,836.0,1426.7572480958147
44,1936.0,0.4,2302.4634939250395,836.0,1466.4634939250395
44,1936.0,0.5,2342.169739754265,836.0,1506.1697397542648
44,1936.0,0.6,2381.8759855834896,836.0,1545.8759855834896
44,1936.0,0.7,2421.5822314127145,836.0,1585.5822314127145
44,1936.0,0.8,2461.2884772419397,836.0,1625.2884772419397
44,1936.0,0.9,2500.9947230711646,836.0,1664.9947230711646
44,1936.0,1.0,2540.70096890039,836.0,1704.7009689003899
45,1980.0,0.0,2143.6385106081398,792.0,1351.6385106081398
45,1980.0,0.1,2183.3447564373646,792.0,1391.3447564373646
45,1980.0,0.2,2223.05100226659,792.0,1431.0510022665899
45,1980.0,0.3,2262.7572480958147,792.0,1470.7572480958147
45,1980.0,0.4,2302.4634939250395,792.0,1510.4634939250395
45,1980.0,0.5,2342.169739754265,792.0,1550.1697397542648
45,1980.0,0.6,2381.8759855834896,792.0,1589.8759855834896
45,1980.0,0.7,2421.5822314127145,792.0,1629.5822314127145
45,1980.0,0.8,2461.2884772419397,792.0,1669.2884772419397
45,1980.0,0.9,2500.9947230711646,792.0,1708.9947230711646
45,1980.0,1.0,2540.70096890039,792.0,1748.7009689003899
46,2024.0,0.0,2143.6385106081398,748.0,1395.6385106081398
46,2024.0,0.1,2183.3447564373646,748.0,1435.3447564373646
46,2024.0,0.2,2223.05100226659,748.0,1475.0510022665899
46,2024.0,0.3,2262.7572480958147,748.0,1514.7572480958147
46,2024.0,0.4,2302.4634939250395,748.0,1554.4634939250395
46,2024.0,0.5,2342.169739754265,748.0,1594.1697397542648
46,2024.0,0.6,2381.8759855834896,748.0,1633.8759855834896
46,2024.0,0.7,2421.5822314127145,748.0,1673.5822314127145
46,2024.0,0.8,2461.2884772419397,748.0,1713.2884772419397
46,2024.0,0.9,2500.9947230711646,748.0,1752.9947230711646
46,2024.0,1.0,2540.70096890039,748.0,1792.7009689003899
47,2068.0,0.0,2143.6385106081398,704.0,1439.6385106081398
47,2068.0,0.1,2183.3447564373646,704.0,1479.3447564373646
47,2068.0,0.2,2223.05100226659,704.0,1519.0510022665899
47,2068.0,0.3,2262.7572480958147,704.0,1558.7572480958147
47,2068.0,0.4,2302.4634939250395,704.0,1598.4634939250395
47,2068.0,0.5,2342.169739754265,704.0,1638.1697397542648
47,2068.0,0.6,2381.8759855834896,704.0,1677.8759855834896
47,2068.0,0.7,2421.5822314127145,704.0,1717.5822314127145
47,2068.0,0.8,2461.2884772419397,704.0,1757.2884772419397
47,2068.0,0.9,2500.9947230711646,704.0,1796.9947230711646
47,2068.0,1.0,2540.70096890039,704.0,1836.7009689003899
48,2112.0,0.0,2143.6385106081398,660.0,1483.6385106081398
48,2112.0,0.1,2183.3447564373646,660.0,1523.3447564373646
48,2112.0,0.2,2223.05100226659,660.0,1563.0510022665899
48,2112.0,0.3,2262.7572480958147,660.0,1602.7572480958147
48,2112.0,0.4,2302.4634939250395,660.0,1642.4634939250395
48,2112.0,0.5,2342.169739754265,660.0,1682.1697397542648
48,2112.0,0.6,2381.8759855834896,660.0,1721.8759855834896
48,2112.0,0.7,2421.5822314127145,660.0,1761.5822314127145
48,2112.0,0.8,2461.2884772419397,660.0,1801.2884772419397
48,2112.0,0.9,2500.9947230711646,660.0,1840.9947230711646
48,2112.0,1.0,2540.70096890039,660.0,1880.7009689003899
49,2156.0,0.0,2143.6385106081398,616.0,1527.6385106081398
49,2156.0,0.1,2183.3447564373646,616.0,1567.3447564373646
49,2156.0,0.2,2223.05100226659,616.0,1607.0510022665899
49,2156.0,0.3,2262.7572480958147,616.0,1646.7572480958147
49,2156.0,0.4,2302.4634939250395,616.0,1686.4634939250395
49,2156.0,0.5,2342.169739754265,616.0,1726.1697397542648
49,2156.0,0.6,2381.8759855834896,616.0,1765.8759855834896
49,2156.0,0.7,2421.5822314127145,616.0,1805.5822314127145
49,2156.0,0.8,2461.2884772419397,616.0,1845.2884772419397
49,2156.0,0.9,2500.9947230711646,616.0,1884.9947230711646
49,2156.0,1.0,2540.70096890039,616.0,1924.7009689003899
50,2200.0,0.0,2143.6385106081398,572.0,1571.6385106081398
50,2200.0,0.1,2183.3447564373646,572.0,1611.3447564373646
50,2200.0,0.2,2223.05100226659,572.0,1651.0510022665899
50,2200.0,0.3,2262.7572480958147,572.0,1690.7572480958147
50,2200.0,0.4,2302.4634939250395,572.0,1730.4634939250395
50,2200.0,0.5,2342.169739754265,572.0,1770.1697397542648
50,2200.0,0.6,2381.8759855834896,572.0,1809.8759855834896
50,2200.0,0.7,2421.5822314127145,572.0,1849.5822314127145
50,2200.0,0.8,2461.2884772419397,572.0,1889.2884772419397
50,2200.0,0.9,2500.9947230711646,572.0,1928.9947230711646
50,2200.0,1.0,2540.70096890039,572.0,1968.7009689003899
51,2244.0,0.0,2143.6385106081398,528.0,1615.6385106081398
51,2244.0,0.1,2183.3447564373646,528.0,1655.3447564373646
51,2244.0,0.2,2223.05100226659,528.0,1695.0510022665899
51,2244.0,0.3,2262.7572480958147,528.0,1734.7572480958147
51,2244.0,0.4,2302.4634939250395,528.0,1774.4634939250395
51,2244.0,0.5,2342.169739754265,528.0,1814.1697397542648
51,2244.0,0.6,2381.8759855834896,528.0,1853.8759855834896
51,2244.0,0.7,2421.5822314127145,528.0,1893.5822314127145
51,2244.0,0.8,2461.2884772419397,528.0,1933.2884772419397
51,2244.0,0.9,2500.9947230711646,528.0,1972.9947230711646
51,2244.0,1.0,2540.70096890039,528.0,2012.7009689003899
52,2288.0,0.0,2143.6385106081398,484.0,1659.6385106081398
52,2288.0,0.1,2183.3447564373646,484.0,1699.3447564373646
52,2288.0,0.2,2223.05100226659,484.0,1739.0510022665899
52,2288.0,0.3,2262.7572480958147,484.0,1778.7572480958147
52,2288.0,0.4,2302.4634939250395,484.0,1818.4634939250395
52,2288.0,0.5,2342.169739754265,484.0,1858.1697397542648
52,2288.0,0.6,2381.8759855834896,484.0,1897.8759855834896
52,2288.0,0.7,2421.5822314127145,484.0,1937.5822314127145
52,2288.0,0.8,2461.2884772419397,484.0,1977.2884772419397
52,2288.0,0.9,2500.9947230711646,484.0,2016.9947230711646
52,2288.0,1.0,2540.70096890039,484.0,2056.70096890039
53,2332.0,0.0,2143.6385106081398,440.0,1703.6385106081398
53,2332.0,0.1,2183.3447564373646,440.0,1743.3447564373646
53,2332.0,0.2,2223.05100226659,440.0,1783.0510022665899
53,2332.0,0.3,2262.7572480958147,440.0,1822.7572480958147
53,2332.0,0.4,2302.4634939250395,440.0,1862.4634939250395
53,2332.0,0.5,2342.169739754265,440.0,1902.1697397542648
53,2332.0,0.6,2381.8759855834896,440.0,1941.8759855834896
53,2332.0,0.7,2421.5822314127145,440.0,1981.5822314127145
53,2332.0,0.8,2461.2884772419397,440.0,2021.2884772419397
53,2332.0,0.9,2500.9947230711646,440.0,2060.9947230711646
53,2332.0,1.0,2540.70096890039,440.0,2100.70096890039
54,2376.0,0.0,2143.6385106081398,396.0,1747.6385106081398
54,2376.0,0.1,2183.3447564373646,396.0,1787.3447564373646
54,2376.0,0.2,2223.05100226659,396.0,1827.0510022665899
54,2376.0,0.3,2262.7572480958147,396.0,1866.7572480958147
54,2376.0,0.4,2302.4634939250395,396.0,1906.4634939250395
54,2376.0,0.5,2342.169739754265,396.0,1946.1697397542648
54,2376.0,0.6,2381.8759855834896,396.0,1985.8759855834896
54,2376.0,0.7,2421.5822314127145,396.0,2025.5822314127145
54,2376.0,0.8,2461.2884772419397,396.0,2065.2884772419397
54,2376.0,0.9,2500.9947230711646,396.0,2104.9947230711646
54,2376.0,1.0,2540.70096890039,396.0,2144.70096890039
55,2420.0,0.0,2143.6385106081398,352.0,1791.6385106081398
55,2420.0,0.1,2183.3447564373646,352.0,1831.3447564373646
55,2420.0,0.2,2223.05100226659,352.0,1871.0510022665899
55,2420.0,0.3,2262.7572480958147,352.0,1910.7572480958147
55,2420.0,0.4,2302.4634939250395,352.0,1950.4634939250395
55,2420.0,0.5,2342.169739754265,352.0,1990.1697397542648
55,2420.0,0.6,2381.8759855834896,352.0,2029.8759855834896
55,2420.0,0.7,2421.5822314127145,352.0,2069.5822314127145
55,2420.0,0.8,2461.2884772419397,352.0,2109.2884772419397
55,2420.0,0.9,2500.9947230711646,352.0,2148.9947230711646
55,2420.0,1.0,2540.70096890039,352.0,2188.70096890039
56,2464.0,0.0,2143.6385106081398,308.0,1835.6385106081398
56,2464.0,0.1,2183.3447564373646,308.0,1875.3447564373646
56,2464.0,0.2,2223.05100226659,308.0,1915.0510022665899
56,2464.0,0.3,2262.7572480958147,308.0,1954.7572480958147
56,2464.0,0.4,2302.4634939250395,308.0,1994.4634939250395
56,2464.0,0.5,2342.169739754265,308.0,2034.1697397542648
56,2464.0,0.6,2381.8759855834896,308.0,2073.8759855834896
56,2464.0,0.7,2421.5822314127145,308.0,2113.5822314127145
56,2464.0,0.8,2461.2884772419397,308.0,2153.2884772419397
56,2464.0,0.9,2500.9947230711646,308.0,2192.9947230711646
56,2464.0,1.0,2540.70096890039,308.0,2232.70096890039
57,2508.0,0.0,2143.6385106081398,264.0,1879.6385106081398
57,2508.0,0.1,2183.3447564373646,264.0,1919.3447564373646
57,2508.0,0.2,2223.05100226659,264.0,1959.0510022665899
57,2508.0,0.3,2262.7572480958147,264.0,1998.7572480958147
57,2508.0,0.4,2302.4634939250395,264.0,2038.4634939250395
57,2508.0,0.5,2342.169739754265,264.0,2078.169739754265
57,2508.0,0.6,2381.8759855834896,264.0,2117.8759855834896
57,2508.0,0.7,2421.5822314127145,264.0,2157.5822314127145
57,2508.0,0.8,2461.2884772419397,264.0,2197.2884772419397
57,2508.0,0.9,2500.9947230711646,264.0,2236.9947230711646
57,2508.0,1.0,2540.70096890039,264.0,2276.70096890039
58,2552.0,0.0,2143.6385106081398,220.0,1923.6385106081398
58,2552.0,0.1,2183.3447564373646,220.0,1963.3447564373646
58,2552.0,0.2,2223.05100226659,220.0,2003.0510022665899
58,2552.0,0.3,2262.7572480958147,220.0,2042.7572480958147
58,2552.0,0.4,2302.4634939250395,220.0,2082.4634939250395
58,2552.0,0.5,2342.169739754265,220.0,2122.169739754265
58,2552.0,0.6,2381.8759855834896,220.0,2161.8759855834896
58,2552.0,0.7,2421.5822314127145,220.0,2201.5822314127145
58,2552.0,0.8,2461.2884772419397,220.0,2241.2884772419397
58,2552.0,0.9,2500.9947230711646,220.0,2280.9947230711646
58,2552.0,1.0,2540.70096890039,220.0,2320.70096890039
59,2596.0,0.0,2143.6385106081398,176.0,1967.6385106081398
59,2596.0,0.1,2183.3447564373646,176.0,2007.3447564373646
59,2596.0,0.2,2223.05100226659,176.0,2047.0510022665899
59,2596.0,0.3,2262.7572480958147,176.0,2086.7572480958147
59,2596.0,0.4,2302.4634939250395,176.0,2126.4634939250395
59,2596.0,0.5,2342.169739754265,176.0,2166.169739754265
59,2596.0,0.6,2381.8759855834896,176.0,2205.8759855834896
59,2596.0,0.7,2421.5822314127145,176.0,2245.5822314127145
59,2596.0,0.8,2461.2884772419397,176.0,2285.2884772419397
59,2596.0,0.9,2500.9947230711646,176.0,2324.9947230711646
59,2596.0,1.0,2540.70096890039,176.0,2364.70096890039
60,2640.0,0.0,2143.6385106081398,132.0,2011.6385106081398
60,2640.0,0.1,2183.3447564373646,132.0,2051.3447564373646
60,2640.0,0.2,2223.05100226659,132.0,2091.05100226659
60,2640.0,0.3,2262.7572480958147,132.0,2130.7572480958147
60,2640.0,0.4,2302.4634939250395,132.0,2170.4634939250395
60,2640.0,0.5,2342.169739754265,132.0,2210.169739754265
60,2640.0,0.6,2381.8759855834896,132.0,2249.8759855834896
60,2640.0,0.7,2421.5822314127145,132.0,2289.5822314127145
60,2640.0,0.8,2461.2884772419397,132.0,2329.2884772419397
60,2640.0,0.9,2500.9947230711646,132.0,2368.9947230711646
60,2640.0,1.0,2540.70096890039,132.0,2408.70096890039
61,2684.0,0.0,2143.6385106081398,88.0,2055.6385106081398
61,2684.0,0.1,2183.3447564373646,88.0,2095.3447564373646
61,2684.0,0.2,2223.05100226659,88.0,2135.05100226659
61,2684.0,0.3,2262.7572480958147,88.0,2174.7572480958147
61,2684.0,0.4,2302.4634939250395,88.0,2214.4634939250395
61,2684.0,0.5,2342.169739754265,88.0,2254.169739754265
61,2684.0,0.6,2381.8759855834896,88.0,2293.8759855834896
61,2684.0,0.7,2421.5822314127145,88.0,2333.5822314127145
61,2684.0,0.8,2461.2884772419397,88.0,2373.2884772419397
61,2684.0,0.9,2500.9947230711646,88.0,2412.9947230711646
61,2684.0,1.0,2540.70096890039,88.0,2452.70096890039
62,2728.0,0.0,2143.6385106081398,44.0,2099.6385106081398
62,2728.0,0.1,2183.3447564373646,44.0,2139.3447564373646
62,2728.0,0.2,2223.05100226659,44.0,2179.05100226659
62,2728.0,0.3,2262.7572480958147,44.0,2218.7572480958147
62,2728.0,0.4,2302.4634939250395,44.0,2258.4634939250395
62,2728.0,0.5,2342.169739754265,44.0,2298.169739754265
62,2728.0,0.6,2381.8759855834896,44.0,2337.8759855834896
62,2728.0,0.7,2421.5822314127145,44.0,2377.5822314127145
62,2728.0,0.8,2461.2884772419397,44.0,2417.2884772419397
62,2728.0,0.9,2500.9947230711646,44.0,2456.9947230711646
62,2728.0,1.0,2540.70096890039,44.0,2496.70096890039
63,2772.0,0.0,2143.6385106081398,0.0,2143.6385106081398
63,2772.0,0.1,2183.3447564373646,0.0,2183.3447564373646
63,2772.0,0.2,2223.05100226659,0.0,2223.05100226659
63,2772.0,0.3,2262.7572480958147,0.0,2262.7572480958147
63,2772.0,0.4,2302.4634939250395,0.0,2302.4634939250395
63,2772.0,0.5,2342.169739754265,0.0,2342.169739754265
63,2772.0,0.6,2381.8759855834896,0.0,2381.8759855834896
63,2772.0,0.7,2421.5822314127145,0.0,2421.5822314127145
63,2772.0,0.8,2461.2884772419397,0.0,2461.2884772419397
63,2772.0,0.9,2500.9947230711646,0.0,2500.9947230711646
63,2772.0,1.0,2540.70096890039,0.0,2540.70096890039
